位号,数量,器件,规格,备注
U1,1,MPS MP2797,7~16S 电池监测保护 AFE TQFP-48,核心
U2 U3,2,MPS MP2645A,5 节双向主动均衡 单线级联,pre-release 参数待核
L1 L2...,按手册,屏蔽功率电感,4.7~10uH Isat>=6A 低DCR,均衡功率电感 按手册数量
U4,1,MPS MP9486A,100V Buck 转 5V,型号待核
U5,1,3.3V LDO (如 MPS MP2013A),低 Iq,型号待核
U6,1,MCU,STM32G0B1 或同级 带 FDCAN,第三方
U7,1,CAN 收发器,TJA1051 或同级,
Q1-Q8,8,N-MOSFET,80V <=1.2mOhm TOLL (如 IPT012N08N5),CHG 组
Q9-Q16,8,N-MOSFET,80V <=1.2mOhm TOLL (如 IPT012N08N5),DSG 组
Q17 Q18,2,PNP,快速关断 如 MMBT2907A,每组一只
RS1,1,分流器,100uOhm 锰铜 4 端子 >=10W,
F1,1,熔断器,300A ANL/MEGA,B+ 主保险
D1 D2,2,TVS,SMDJ33A,P+/P- 浪涌钳位
RT1-RT4,4,NTC,10k B3435,电芯x2 MOSFET 分流器
C,10,MLCC,1uF 100V X7R 1210,P+/P- 去耦
R/C,若干,采样 RC,100Ohm / 0.1uF,电芯与电流采样滤波
BUS,1套,紫铜排,20x2mm,功率通路
HS,1,铝散热器,配导热垫,MOSFET 散热
